Duration (s),Direction
0.03333333333333333,Looking Up
0.06666666666666667,Looking Up
0.1,Looking Up
0.13333333333333333,Looking Up
0.16666666666666666,Looking Up
0.2,Looking Up
0.23333333333333334,Looking Up
0.26666666666666666,Looking Up
0.3,Looking Up
0.3333333333333333,Looking Up
0.36666666666666664,Looking Up
0.4,Looking Up
0.43333333333333335,Looking Up
0.4666666666666667,Looking Up
0.5,Looking Up
0.5333333333333333,Looking Up
0.5666666666666667,Looking Up
0.6,Looking Up
0.6333333333333333,Looking Up
0.6666666666666666,Looking Up
0.7,Looking Up
0.7333333333333333,Looking Up
0.7666666666666666,Looking Up
0.8,Looking Up
0.8333333333333334,Looking Up
0.8666666666666667,Looking Up
0.9,Forward
0.9333333333333333,Forward
0.9666666666666667,Forward
1.0,Forward
1.0333333333333332,Forward
1.0666666666666667,Forward
1.1,Forward
1.1333333333333333,Forward
1.1666666666666667,Forward
1.2,Forward
1.2333333333333334,Forward
1.2666666666666666,Forward
1.3,Forward
1.3333333333333333,Forward
1.3666666666666667,Forward
1.4,Forward
1.4333333333333333,Forward
1.4666666666666666,Forward
1.5,Forward
1.5333333333333332,Forward
1.5666666666666667,Forward
1.6,Forward
1.6333333333333333,Forward
1.6666666666666667,Forward
1.7,Forward
1.7333333333333334,Forward
1.7666666666666666,Forward
1.8,Forward
1.8333333333333333,Forward
1.8666666666666667,Forward
1.9,Forward
1.9333333333333333,Forward
1.9666666666666666,Looking Up
2.0,Looking Up
2.033333333333333,Looking Up
2.0666666666666664,Looking Up
2.1,Looking Up
2.1333333333333333,Looking Up
2.1666666666666665,Looking Up
2.2,Looking Up
2.2333333333333334,Looking Up
2.2666666666666666,Looking Up
2.3,Looking Up
2.3333333333333335,Looking Up
2.3666666666666667,Looking Up
2.4,Looking Up
2.433333333333333,Looking Up
2.466666666666667,Looking Up
2.5,Looking Up
2.533333333333333,Looking Up
2.5666666666666664,Looking Up
2.6,Looking Up
2.6333333333333333,Looking Up
2.6666666666666665,Looking Up
2.7,Looking Up
2.7333333333333334,Looking Up
2.7666666666666666,Forward
2.8,Forward
2.8333333333333335,Forward
2.8666666666666667,Forward
2.9,Forward
2.933333333333333,Forward
2.966666666666667,Forward
3.0,Forward
3.033333333333333,Forward
3.0666666666666664,Forward
3.1,Forward
3.1333333333333333,Forward
3.1666666666666665,Forward
3.2,Forward
3.2333333333333334,Forward
3.2666666666666666,Forward
3.3,Forward
3.3333333333333335,Forward
3.3666666666666667,Forward
3.4,Forward
3.433333333333333,Forward
3.466666666666667,Forward
3.5,Forward
3.533333333333333,Forward
3.5666666666666664,Forward
3.6,Forward
3.6333333333333333,Forward
3.6666666666666665,Forward
3.6999999999999997,Forward
3.7333333333333334,Forward
3.7666666666666666,Forward
3.8,Forward
3.8333333333333335,Forward
3.8666666666666667,Forward
3.9,Forward
3.933333333333333,Forward
3.966666666666667,Forward
4.0,Forward
4.033333333333333,Forward
4.066666666666666,Forward
4.1,Forward
4.133333333333333,Forward
4.166666666666667,Looking Up
4.2,Looking Up
4.233333333333333,Looking Up
4.266666666666667,Looking Up
4.3,Looking Up
4.333333333333333,Looking Up
4.366666666666666,Looking Up
4.4,Looking Up
4.433333333333334,Looking Up
4.466666666666667,Looking Up
4.5,Looking Up
4.533333333333333,Looking Up
4.566666666666666,Looking Up
4.6,Looking Up
4.633333333333333,Looking Up
4.666666666666667,Looking Up
4.7,Looking Up
4.733333333333333,Looking Up
4.766666666666667,Looking Up
4.8,Looking Up
4.833333333333333,Looking Up
4.866666666666666,Looking Up
4.9,Looking Up
4.933333333333334,Looking Up
4.966666666666667,Looking Up
5.0,Looking Up
5.033333333333333,Looking Up
5.066666666666666,Looking Up
5.1,Looking Up
5.133333333333333,Looking Up
5.166666666666667,Looking Up
5.2,Looking Up
5.233333333333333,Looking Up
5.266666666666667,Forward
5.3,Forward
5.333333333333333,Forward
5.366666666666666,Forward
5.4,Forward
5.433333333333334,Forward
5.466666666666667,Forward
5.5,Forward
5.533333333333333,Forward
5.566666666666666,Forward
5.6,Forward
5.633333333333333,Forward
5.666666666666667,Forward
5.7,Forward
5.733333333333333,Forward
5.766666666666667,Forward
5.8,Forward
5.833333333333333,Forward
5.866666666666666,Forward
5.9,Forward
5.933333333333334,Forward
5.966666666666667,Forward
6.0,Forward
6.033333333333333,Forward
6.066666666666666,Forward
6.1,Forward
6.133333333333333,Forward
6.166666666666667,Forward
6.2,Forward
6.233333333333333,Forward
6.266666666666667,Forward
6.3,Forward
6.333333333333333,Forward
6.366666666666666,Forward
6.4,Forward
6.433333333333334,Forward
6.466666666666667,Forward
6.5,Forward
6.533333333333333,Looking Up
6.566666666666666,Looking Up
6.6,Looking Up
6.633333333333333,Looking Up
6.666666666666667,Looking Up
6.7,Looking Up
6.733333333333333,Forward
6.766666666666667,Looking Up
6.8,Looking Up
6.833333333333333,Looking Up
6.866666666666666,Looking Up
6.8999999999999995,Looking Up
6.933333333333334,Looking Up
6.966666666666667,Looking Up
7.0,Looking Up
7.033333333333333,Looking Up
7.066666666666666,Looking Up
7.1,Looking Up
7.133333333333333,Looking Up
7.166666666666667,Looking Up
7.2,Looking Up
7.233333333333333,Looking Up
7.266666666666667,Looking Up
7.3,Looking Up
7.333333333333333,Looking Up
7.366666666666666,Looking Up
7.3999999999999995,Looking Up
7.433333333333334,Looking Up
7.466666666666667,Looking Up
7.5,Looking Up
7.533333333333333,Looking Up
7.566666666666666,Looking Up
7.6,Looking Up
7.633333333333333,Looking Up
7.666666666666667,Looking Up
7.7,Looking Up
7.733333333333333,Looking Up
7.766666666666667,Looking Up
7.8,Looking Up
7.833333333333333,Looking Up
7.866666666666666,Looking Up
7.8999999999999995,Looking Up
7.933333333333334,Looking Up
7.966666666666667,Looking Up
8.0,Looking Up
8.033333333333333,Looking Up
8.066666666666666,Looking Up
8.1,Looking Up
8.133333333333333,Looking Up
8.166666666666666,Looking Up
8.2,Looking Up
8.233333333333333,Looking Up
8.266666666666666,Looking Up
8.3,Looking Up
8.333333333333334,Looking Up
8.366666666666667,Looking Up
8.4,Looking Up
8.433333333333334,Looking Up
8.466666666666667,Looking Up
8.5,Forward
8.533333333333333,Forward
8.566666666666666,Forward
8.6,Forward
8.633333333333333,Looking Up
8.666666666666666,Looking Up
8.7,Looking Up
8.733333333333333,Looking Up
8.766666666666666,Looking Up
8.8,Looking Up
8.833333333333334,Looking Up
8.866666666666667,Looking Up
8.9,Looking Up
8.933333333333334,Looking Up
8.966666666666667,Looking Up
9.0,Looking Up
9.033333333333333,Looking Up
9.066666666666666,Looking Up
9.1,Forward
9.133333333333333,Looking Up
9.166666666666666,Looking Up
9.2,Looking Up
9.233333333333333,Looking Up
9.266666666666666,Looking Up
9.3,Looking Up
9.333333333333334,Looking Up
9.366666666666667,Looking Up
9.4,Looking Up
9.433333333333334,Looking Up
9.466666666666667,Looking Up
9.5,Looking Up
9.533333333333333,Looking Up
9.566666666666666,Looking Up
9.6,Looking Up
9.633333333333333,Looking Up
9.666666666666666,Looking Up
9.7,Looking Up
9.733333333333333,Looking Up
9.766666666666666,Looking Up
9.8,Looking Up
9.833333333333334,Looking Up
9.866666666666667,Looking Up
9.9,Looking Up
9.933333333333334,Looking Up
9.966666666666667,Looking Up
10.0,Looking Up
10.033333333333333,Looking Up
10.066666666666666,Looking Up
10.1,Looking Up
10.133333333333333,Looking Up
10.166666666666666,Looking Up
10.2,Looking Up
10.233333333333333,Looking Up
10.266666666666666,Looking Up
10.3,Looking Up
10.333333333333334,Looking Up
10.366666666666667,Forward
10.4,Forward
10.433333333333334,Forward
10.466666666666667,Forward
10.5,Forward
10.533333333333333,Forward
10.566666666666666,Forward
10.6,Forward
10.633333333333333,Forward
10.666666666666666,Forward
10.7,Looking Up
10.733333333333333,Looking Up
10.766666666666666,Forward
10.8,Forward
10.833333333333334,Forward
10.866666666666667,Forward
10.9,Forward
10.933333333333334,Forward
10.966666666666667,Forward
11.0,Forward
11.033333333333333,Forward
11.066666666666666,Looking Up
11.1,Looking Up
11.133333333333333,Looking Up
11.166666666666666,Looking Up
11.2,Looking Up
11.233333333333333,Looking Up
11.266666666666666,Looking Up
11.3,Looking Up
11.333333333333334,Looking Up
11.366666666666667,Looking Up
11.4,Looking Up
11.433333333333334,Looking Up
11.466666666666667,Looking Up
11.5,Looking Up
11.533333333333333,Looking Up
11.566666666666666,Looking Up
11.6,Looking Up
11.633333333333333,Looking Up
11.666666666666666,Looking Up
11.7,Looking Up
11.733333333333333,Looking Up
11.766666666666666,Looking Up
11.8,Looking Up
11.833333333333334,Looking Up
11.866666666666667,Looking Up
11.9,Looking Up
11.933333333333334,Looking Up
11.966666666666667,Looking Up
12.0,Looking Up
12.033333333333333,Looking Up
12.066666666666666,Looking Up
12.1,Looking Up
12.133333333333333,Looking Up
12.166666666666666,Looking Up
12.2,Looking Up
12.233333333333333,Looking Up
12.266666666666666,Looking Up
12.3,Looking Up
12.333333333333334,Looking Up
12.366666666666667,Looking Up
12.4,Looking Up
12.433333333333334,Looking Up
12.466666666666667,Looking Up
12.5,Looking Up
12.533333333333333,Forward
12.566666666666666,Forward
12.6,Forward
12.633333333333333,Forward
12.666666666666666,Looking Up
12.7,Looking Up
12.733333333333333,Looking Up
12.766666666666666,Looking Up
12.8,Looking Up
12.833333333333334,Looking Up
12.866666666666667,Looking Up
12.9,Looking Up
12.933333333333334,Looking Up
12.966666666666667,Forward
13.0,Forward
13.033333333333333,Forward
13.066666666666666,Forward
13.1,Forward
13.133333333333333,Forward
13.166666666666666,Forward
13.2,Forward
13.233333333333333,Forward
13.266666666666666,Forward
13.299999999999999,Forward
13.333333333333334,Forward
13.366666666666667,Forward
13.4,Forward
13.433333333333334,Forward
13.466666666666667,Forward
13.5,Forward
13.533333333333333,Forward
13.566666666666666,Forward
13.6,Forward
13.633333333333333,Forward
13.666666666666666,Forward
13.7,Forward
13.733333333333333,Forward
13.766666666666666,Looking Up
13.799999999999999,Looking Up
13.833333333333334,Looking Up
13.866666666666667,Looking Up
13.9,Looking Up
13.933333333333334,Looking Up
13.966666666666667,Looking Up
14.0,Looking Up
14.033333333333333,Looking Up
14.066666666666666,Looking Up
14.1,Looking Up
14.133333333333333,Looking Up
14.166666666666666,Looking Up
14.2,Looking Up
14.233333333333333,Looking Up
14.266666666666666,Looking Up
14.299999999999999,Looking Up
14.333333333333334,Looking Up
14.366666666666667,Looking Up
14.4,Looking Up
14.433333333333334,Looking Up
14.466666666666667,Looking Up
14.5,Looking Up
14.533333333333333,Looking Up
14.566666666666666,Looking Up
14.6,Looking Up
14.633333333333333,Looking Up
14.666666666666666,Looking Up
14.7,Looking Up
14.733333333333333,Looking Up
14.766666666666666,Looking Up
14.799999999999999,Looking Up
14.833333333333334,Looking Up
14.866666666666667,Looking Up
14.9,Looking Up
14.933333333333334,Looking Up
14.966666666666667,Looking Up
15.0,Looking Up
15.033333333333333,Looking Up
15.066666666666666,Looking Up
15.1,Looking Up
15.133333333333333,Looking Up
15.166666666666666,Looking Up
15.2,Looking Up
15.233333333333333,Forward
15.266666666666666,Forward
15.299999999999999,Forward
15.333333333333334,Forward
15.366666666666667,Forward
15.4,Forward
15.433333333333334,Forward
15.466666666666667,Forward
15.5,Forward
15.533333333333333,Forward
15.566666666666666,Forward
15.6,Forward
15.633333333333333,Forward
15.666666666666666,Forward
15.7,Forward
15.733333333333333,Forward
15.766666666666666,Forward
15.799999999999999,Forward
15.833333333333334,Forward
15.866666666666667,Forward
15.9,Forward
15.933333333333334,Forward
15.966666666666667,Forward
16.0,Looking Up
16.03333333333333,Looking Up
16.066666666666666,Looking Up
16.1,Looking Up
16.133333333333333,Looking Up
16.166666666666668,Looking Up
16.2,Looking Up
16.233333333333334,Looking Up
16.266666666666666,Looking Up
16.3,Forward
16.333333333333332,Forward
16.366666666666667,Forward
16.4,Forward
16.433333333333334,Forward
16.466666666666665,Forward
16.5,Forward
16.53333333333333,Forward
16.566666666666666,Forward
16.6,Forward
16.633333333333333,Forward
16.666666666666668,Forward
16.7,Forward
16.733333333333334,Forward
16.766666666666666,Forward
16.8,Forward
16.833333333333332,Forward
16.866666666666667,Forward
16.9,Forward
16.933333333333334,Forward
16.966666666666665,Forward
17.0,Forward
17.03333333333333,Forward
17.066666666666666,Forward
17.1,Forward
17.133333333333333,Forward
17.166666666666668,Forward
17.2,Forward
17.233333333333334,Forward
17.266666666666666,Forward
17.3,Forward
17.333333333333332,Forward
17.366666666666667,Forward
17.4,Forward
17.433333333333334,Forward
17.466666666666665,Forward
17.5,Forward
17.53333333333333,Forward
17.566666666666666,Looking Up
17.6,Looking Up
17.633333333333333,Looking Up
17.666666666666668,Looking Up
17.7,Looking Up
17.733333333333334,Looking Up
17.766666666666666,Looking Up
17.8,Looking Up
17.833333333333332,Forward
17.866666666666667,Forward
17.9,Forward
17.933333333333334,Forward
17.966666666666665,Forward
18.0,Forward
18.03333333333333,Forward
18.066666666666666,Forward
18.1,Forward
18.133333333333333,Forward
18.166666666666668,Forward
18.2,Forward
18.233333333333334,Forward
18.266666666666666,Forward
18.3,Forward
18.333333333333332,Forward
18.366666666666667,Forward
18.4,Forward
18.433333333333334,Forward
18.466666666666665,Forward
18.5,Forward
18.53333333333333,Forward
18.566666666666666,Forward
18.6,Forward
18.633333333333333,Forward
18.666666666666668,Forward
18.7,Forward
18.733333333333334,Forward
18.766666666666666,Looking Up
18.8,Looking Up
18.833333333333332,Looking Up
18.866666666666667,Looking Up
18.9,Looking Up
18.933333333333334,Looking Up
18.966666666666665,Looking Up
19.0,Looking Up
19.03333333333333,Looking Up
19.066666666666666,Forward
19.1,Forward
19.133333333333333,Forward
19.166666666666668,Forward
19.2,Forward
19.233333333333334,Forward
19.266666666666666,Forward
19.3,Forward
19.333333333333332,Forward
19.366666666666667,Forward
19.4,Forward
19.433333333333334,Forward
19.466666666666665,Forward
19.5,Forward
19.53333333333333,Forward
19.566666666666666,Forward
19.6,Forward
19.633333333333333,Forward
19.666666666666668,Forward
19.7,Forward
19.733333333333334,Forward
19.766666666666666,Forward
19.8,Forward
19.833333333333332,Forward
19.866666666666667,Forward
19.9,Forward
19.933333333333334,Forward
19.966666666666665,Forward
20.0,Forward
20.03333333333333,Forward
20.066666666666666,Forward
20.1,Forward
20.133333333333333,Forward
20.166666666666668,Looking Up
20.2,Looking Up
20.233333333333334,Looking Up
20.266666666666666,Forward
20.3,Looking Up
20.333333333333332,Looking Up
20.366666666666667,Looking Up
20.4,Looking Up
20.433333333333334,Looking Up
20.466666666666665,Looking Up
20.5,Looking Up
20.53333333333333,Looking Up
20.566666666666666,Looking Up
20.6,Looking Up
20.633333333333333,Looking Up
20.666666666666668,Looking Up
20.7,Looking Up
20.733333333333334,Looking Up
20.766666666666666,Looking Up
20.8,Looking Up
20.833333333333332,Looking Up
20.866666666666667,Looking Up
20.9,Looking Up
20.933333333333334,Looking Up
20.966666666666665,Looking Up
21.0,Looking Up
21.03333333333333,Looking Up
21.066666666666666,Looking Up
21.1,Looking Up
21.133333333333333,Looking Up
21.166666666666668,Looking Up
21.2,Looking Up
21.233333333333334,Looking Up
21.266666666666666,Looking Up
21.3,Looking Up
21.333333333333332,Looking Up
21.366666666666667,Looking Up
21.4,Looking Up
21.433333333333334,Looking Up
21.466666666666665,Looking Up
21.5,Looking Up
21.53333333333333,Looking Up
21.566666666666666,Looking Up
21.6,Looking Up
21.633333333333333,Looking Up
21.666666666666668,Looking Up
21.7,Looking Up
21.733333333333334,Forward
21.766666666666666,Looking Up
21.8,Looking Up
21.833333333333332,Looking Up
21.866666666666667,Looking Up
21.9,Looking Up
21.933333333333334,Looking Up
21.966666666666665,Looking Up
22.0,Looking Up
22.03333333333333,Looking Up
22.066666666666666,Looking Up
22.1,Looking Up
22.133333333333333,Looking Up
22.166666666666668,Looking Up
22.2,Forward
22.233333333333334,Forward
22.266666666666666,Forward
22.3,Forward
22.333333333333332,Forward
22.366666666666667,Forward
22.4,Forward
22.433333333333334,Looking Left
22.466666666666665,Looking Left
22.5,Looking Left
22.53333333333333,Looking Left
22.566666666666666,Looking Left
22.6,Looking Left
22.633333333333333,Looking Left
22.666666666666668,Looking Left
22.7,Looking Left
22.733333333333334,Looking Left
22.766666666666666,Looking Left
22.8,Looking Left
22.833333333333332,Looking Left
22.866666666666667,Looking Left
22.9,Looking Left
22.933333333333334,Looking Left
22.966666666666665,Looking Left
23.0,Looking Left
23.03333333333333,Looking Up
23.066666666666666,Looking Up
23.1,Looking Up
23.133333333333333,Looking Up
23.166666666666668,Looking Up
23.2,Looking Up
23.233333333333334,Looking Up
23.266666666666666,Looking Up
23.3,Looking Up
23.333333333333332,Looking Up
23.366666666666667,Looking Up
23.4,Looking Up
23.433333333333334,Looking Up
23.466666666666665,Looking Up
23.5,Looking Up
23.53333333333333,Looking Up
23.566666666666666,Looking Up
23.6,Looking Up
23.633333333333333,Looking Up
23.666666666666668,Looking Up
23.7,Looking Up
23.733333333333334,Looking Up
23.766666666666666,Looking Up
23.8,Looking Up
23.833333333333332,Looking Up
23.866666666666667,Looking Up
23.9,Looking Up
23.933333333333334,Looking Up
23.966666666666665,Looking Up
24.0,Looking Up
24.03333333333333,Looking Up
24.066666666666666,Looking Up
24.1,Looking Up
24.133333333333333,Looking Up
24.166666666666668,Looking Up
24.2,Looking Up
24.233333333333334,Looking Up
24.266666666666666,Looking Up
24.3,Looking Up
24.333333333333332,Looking Up
24.366666666666667,Looking Up
24.4,Looking Up
24.433333333333334,Looking Up
24.466666666666665,Looking Up
24.5,Looking Up
24.53333333333333,Looking Up
24.566666666666666,Looking Up
24.6,Looking Up
24.633333333333333,Looking Up
24.666666666666668,Looking Up
24.7,Looking Up
24.733333333333334,Looking Up
24.766666666666666,Looking Up
24.8,Looking Up
24.833333333333332,Looking Up
24.866666666666667,Looking Up
24.9,Looking Up
24.933333333333334,Looking Up
24.966666666666665,Looking Up
25.0,Looking Left
25.03333333333333,Looking Left
25.066666666666666,Looking Left
25.1,Looking Left
25.133333333333333,Looking Left
25.166666666666668,Looking Left
25.2,Looking Left
25.233333333333334,Looking Left
25.266666666666666,Looking Left
25.3,Looking Left
25.333333333333332,Looking Left
25.366666666666667,Looking Left
25.4,Looking Left
25.433333333333334,Looking Left
25.466666666666665,Looking Left
25.5,Looking Left
25.53333333333333,Looking Left
25.566666666666666,Looking Left
25.6,Looking Left
25.633333333333333,Looking Left
25.666666666666668,Looking Left
25.7,Looking Left
25.733333333333334,Looking Up
25.766666666666666,Looking Up
25.8,Looking Up
25.833333333333332,Looking Up
25.866666666666667,Looking Up
25.9,Looking Up
25.933333333333334,Looking Up
25.966666666666665,Looking Up
26.0,Looking Up
26.03333333333333,Looking Up
26.066666666666666,Looking Up
26.099999999999998,Looking Up
26.133333333333333,Looking Up
26.166666666666668,Looking Up
26.2,Looking Up
26.233333333333334,Looking Up
26.266666666666666,Looking Up
26.3,Looking Up
26.333333333333332,Looking Up
26.366666666666667,Looking Up
26.4,Looking Up
26.433333333333334,Looking Up
26.466666666666665,Looking Up
26.5,Looking Up
26.53333333333333,Looking Up
26.566666666666666,Looking Up
26.599999999999998,Looking Up
26.633333333333333,Looking Up
26.666666666666668,Looking Right
26.7,Looking Right
26.733333333333334,Looking Right
26.766666666666666,Looking Right
26.8,Looking Right
26.833333333333332,Looking Right
26.866666666666667,Looking Right
26.9,Looking Right
26.933333333333334,Looking Right
26.966666666666665,Looking Right
27.0,Looking Right
27.03333333333333,Looking Right
27.066666666666666,Looking Up
27.099999999999998,Looking Up
27.133333333333333,Looking Up
27.166666666666668,Looking Up
27.2,Looking Up
27.233333333333334,Looking Up
27.266666666666666,Looking Up
27.3,Looking Up
27.333333333333332,Looking Up
27.366666666666667,Looking Up
27.4,Looking Up
27.433333333333334,Looking Up
27.466666666666665,Looking Up
27.5,Looking Up
27.53333333333333,Looking Up
27.566666666666666,Looking Up
27.599999999999998,Looking Up
27.633333333333333,Looking Up
27.666666666666668,Looking Up
27.7,Looking Up
27.733333333333334,Looking Left
27.766666666666666,Looking Left
27.8,Looking Left
27.833333333333332,Looking Left
27.866666666666667,Looking Left
27.9,Looking Left
27.933333333333334,Looking Left
27.966666666666665,Looking Left
28.0,Looking Left
28.03333333333333,Looking Left
28.066666666666666,Looking Left
28.099999999999998,Looking Left
28.133333333333333,Looking Left
28.166666666666668,Looking Left
28.2,Looking Left
28.233333333333334,Looking Left
28.266666666666666,Looking Up
28.3,Looking Up
28.333333333333332,Looking Up
28.366666666666667,Looking Up
28.4,Looking Up
28.433333333333334,Looking Up
28.466666666666665,Looking Up
28.5,Looking Up
28.53333333333333,Looking Up
28.566666666666666,Looking Up
28.599999999999998,Looking Up
28.633333333333333,Looking Up
28.666666666666668,Looking Up
28.7,Looking Up
28.733333333333334,Looking Up
28.766666666666666,Looking Up
28.8,Looking Up
28.833333333333332,Looking Up
28.866666666666667,Looking Up
28.9,Looking Up
28.933333333333334,Looking Up
28.966666666666665,Looking Up
29.0,Looking Up
29.03333333333333,Looking Up
29.066666666666666,Looking Up
29.099999999999998,Looking Up
29.133333333333333,Looking Up
29.166666666666668,Looking Up
29.2,Looking Up
29.233333333333334,Looking Up
29.266666666666666,Looking Up
29.3,Looking Up
29.333333333333332,Looking Up
29.366666666666667,Looking Up
29.4,Looking Up
29.433333333333334,Looking Up
29.466666666666665,Looking Up
29.5,Looking Up
29.53333333333333,Looking Up
29.566666666666666,Looking Up
29.599999999999998,Looking Up
29.633333333333333,Looking Up
29.666666666666668,Looking Up
29.7,Looking Up
29.733333333333334,Looking Up
29.766666666666666,Looking Up
29.8,Looking Up
29.833333333333332,Looking Up
29.866666666666667,Looking Up
29.9,Looking Up
29.933333333333334,Looking Up
29.966666666666665,Looking Up
30.0,Looking Up
30.03333333333333,Looking Up
30.066666666666666,Looking Up
30.099999999999998,Looking Up
30.133333333333333,Looking Up
30.166666666666668,Looking Up
30.2,Looking Left
30.233333333333334,Looking Left
30.266666666666666,Looking Left
30.3,Looking Left
30.333333333333332,Looking Left
30.366666666666667,Looking Left
30.4,Looking Left
30.433333333333334,Looking Left
30.466666666666665,Looking Left
30.5,Looking Left
30.53333333333333,Looking Left
30.566666666666666,Looking Left
30.599999999999998,Looking Left
30.633333333333333,Looking Left
30.666666666666668,Looking Left
30.7,Looking Left
30.733333333333334,Looking Left
30.766666666666666,Looking Left
30.8,Looking Up
30.833333333333332,Forward
30.866666666666667,Forward
30.9,Looking Up
30.933333333333334,Looking Up
30.966666666666665,Looking Up
31.0,Looking Up
31.03333333333333,Looking Up
31.066666666666666,Looking Up
31.099999999999998,Looking Up
31.133333333333333,Looking Up
31.166666666666668,Looking Up
31.2,Looking Up
31.233333333333334,Looking Up
31.266666666666666,Looking Up
31.3,Looking Up
31.333333333333332,Looking Up
31.366666666666667,Looking Right
31.4,Looking Right
31.433333333333334,Looking Right
31.466666666666665,Looking Right
31.5,Looking Right
31.53333333333333,Looking Right
31.566666666666666,Looking Right
31.599999999999998,Looking Right
31.633333333333333,Looking Right
31.666666666666668,Looking Right
31.7,Looking Right
31.733333333333334,Looking Right
31.766666666666666,Looking Right
31.8,Looking Up
31.833333333333332,Looking Up
31.866666666666667,Looking Up
31.9,Looking Up
31.933333333333334,Looking Up
31.966666666666665,Looking Up
32.0,Looking Up
32.03333333333333,Looking Up
32.06666666666666,Looking Up
32.1,Looking Up
32.13333333333333,Looking Up
32.166666666666664,Looking Up
32.2,Looking Up
32.233333333333334,Looking Up
32.266666666666666,Looking Up
32.3,Forward
32.333333333333336,Forward
32.36666666666667,Forward
32.4,Forward
32.43333333333333,Forward
32.46666666666667,Looking Left
32.5,Forward
32.53333333333333,Looking Left
32.56666666666666,Forward
32.6,Forward
32.63333333333333,Forward
32.666666666666664,Forward
32.7,Forward
32.733333333333334,Forward
32.766666666666666,Forward
32.8,Looking Up
32.833333333333336,Looking Up
32.86666666666667,Looking Up
32.9,Looking Up
32.93333333333333,Looking Up
32.96666666666667,Looking Up
33.0,Looking Up
33.03333333333333,Looking Up
33.06666666666666,Looking Up
33.1,Looking Up
33.13333333333333,Looking Up
33.166666666666664,Looking Up
33.2,Looking Up
33.233333333333334,Looking Up
33.266666666666666,Looking Up
33.3,Looking Up
33.333333333333336,Looking Up
33.36666666666667,Looking Up
33.4,Looking Up
33.43333333333333,Looking Up
33.46666666666667,Looking Up
33.5,Looking Up
33.53333333333333,Looking Up
33.56666666666666,Looking Up
33.6,Looking Up
33.63333333333333,Looking Up
33.666666666666664,Looking Up
33.7,Looking Up
33.733333333333334,Looking Up
33.766666666666666,Looking Up
33.8,Looking Up
33.833333333333336,Looking Up
33.86666666666667,Looking Up
33.9,Looking Up
33.93333333333333,Looking Up
33.96666666666667,Looking Up
34.0,Looking Up
34.03333333333333,Looking Up
34.06666666666666,Looking Up
34.1,Looking Up
34.13333333333333,Looking Up
34.166666666666664,Looking Up
34.2,Looking Up
34.233333333333334,Looking Up
34.266666666666666,Looking Up
34.3,Looking Up
34.333333333333336,Looking Up
34.36666666666667,Looking Up
34.4,Looking Up
34.43333333333333,Looking Up
34.46666666666667,Looking Up
34.5,Looking Up
34.53333333333333,Looking Up
34.56666666666666,Looking Up
34.6,Looking Up
34.63333333333333,Looking Up
34.666666666666664,Looking Up
34.7,Looking Up
34.733333333333334,Looking Up
34.766666666666666,Looking Up
34.8,Looking Up
34.833333333333336,Looking Up
34.86666666666667,Looking Up
34.9,Looking Up
34.93333333333333,Looking Up
34.96666666666667,Looking Up
35.0,Looking Up
35.03333333333333,Looking Up
35.06666666666666,Looking Up
35.1,Looking Up
35.13333333333333,Looking Up
35.166666666666664,Looking Up
35.2,Looking Up
35.233333333333334,Looking Up
35.266666666666666,Looking Up
35.3,Looking Up
35.333333333333336,Looking Up
35.36666666666667,Looking Up
35.4,Looking Up
35.43333333333333,Looking Up
35.46666666666667,Looking Up
35.5,Looking Up
35.53333333333333,Looking Up
35.56666666666666,Looking Up
35.6,Looking Up
35.63333333333333,Looking Up
35.666666666666664,Looking Up
35.7,Looking Up
35.733333333333334,Looking Up
35.766666666666666,Looking Up
35.8,Looking Up
35.833333333333336,Looking Up
35.86666666666667,Looking Up
35.9,Looking Up
35.93333333333333,Looking Up
35.96666666666667,Looking Up
36.0,Looking Up
36.03333333333333,Looking Up
36.06666666666666,Looking Up
36.1,Looking Up
36.13333333333333,Looking Up
36.166666666666664,Looking Up
36.2,Looking Up
36.233333333333334,Looking Up
36.266666666666666,Looking Up
36.3,Looking Up
36.333333333333336,Looking Up
36.36666666666667,Looking Up
36.4,Looking Up
36.43333333333333,Looking Up
36.46666666666667,Looking Up
36.5,Looking Up
36.53333333333333,Looking Up
36.56666666666666,Looking Up
36.6,Looking Up
36.63333333333333,Looking Up
36.666666666666664,Looking Up
36.7,Looking Up
36.733333333333334,Looking Up
36.766666666666666,Looking Up
36.8,Looking Up
36.833333333333336,Looking Up
36.86666666666667,Looking Up
36.9,Looking Up
36.93333333333333,Looking Up
36.96666666666667,Looking Up
37.0,Looking Up
37.03333333333333,Looking Up
37.06666666666666,Looking Up
37.1,Looking Up
37.13333333333333,Looking Up
37.166666666666664,Looking Up
37.2,Looking Up
37.233333333333334,Looking Up
37.266666666666666,Looking Up
37.3,Looking Up
37.333333333333336,Looking Up
37.36666666666667,Looking Up
37.4,Looking Up
37.43333333333333,Looking Up
37.46666666666667,Looking Up
37.5,Looking Up
37.53333333333333,Looking Up
37.56666666666666,Looking Up
37.6,Looking Up
37.63333333333333,Looking Up
37.666666666666664,Looking Up
37.7,Looking Up
37.733333333333334,Looking Up
37.766666666666666,Looking Up
37.8,Looking Up
37.833333333333336,Looking Up
37.86666666666667,Looking Up
37.9,Looking Up
37.93333333333333,Looking Up
37.96666666666667,Looking Up
38.0,Looking Up
38.03333333333333,Looking Up
38.06666666666666,Looking Up
38.1,Looking Up
38.13333333333333,Looking Up
38.166666666666664,Looking Up
38.2,Looking Up
38.233333333333334,Looking Up
38.266666666666666,Looking Up
38.3,Looking Up
38.333333333333336,Looking Up
38.36666666666667,Looking Up
38.4,Looking Up
38.43333333333333,Looking Up
38.46666666666667,Looking Up
38.5,Looking Up
38.53333333333333,Looking Up
38.56666666666666,Looking Up
38.6,Looking Up
38.63333333333333,Looking Up
38.666666666666664,Looking Up
38.7,Looking Up
38.733333333333334,Looking Up
38.766666666666666,Looking Up
38.8,Looking Up
38.833333333333336,Looking Up
38.86666666666667,Looking Up
38.9,Looking Up
38.93333333333333,Looking Up
38.96666666666667,Looking Up
39.0,Looking Up
39.03333333333333,Looking Up
39.06666666666666,Looking Up
39.1,Looking Up
39.13333333333333,Looking Up
39.166666666666664,Looking Up
39.2,Looking Up
39.233333333333334,Looking Up
39.266666666666666,Looking Up
39.3,Looking Up
39.333333333333336,Looking Up
39.36666666666667,Looking Up
39.4,Looking Up
39.43333333333333,Looking Up
39.46666666666667,Looking Up
39.5,Looking Up
39.53333333333333,Looking Up
39.56666666666666,Looking Up
39.6,Looking Up
39.63333333333333,Looking Up
39.666666666666664,Looking Up
39.7,Looking Up
39.733333333333334,Looking Up
39.766666666666666,Looking Up
39.8,Looking Up
39.833333333333336,Looking Up
39.86666666666667,Looking Up
39.9,Looking Up
39.93333333333333,Looking Up
39.96666666666667,Looking Up
40.0,Looking Up
40.03333333333333,Looking Up
40.06666666666666,Looking Up
40.1,Looking Up
40.13333333333333,Looking Up
40.166666666666664,Looking Up
40.2,Looking Up
40.233333333333334,Looking Up
40.266666666666666,Looking Up
40.3,Looking Up
40.333333333333336,Looking Up
40.36666666666667,Looking Up
40.4,Looking Up
40.43333333333333,Looking Up
40.46666666666667,Looking Up
40.5,Looking Up
40.53333333333333,Looking Up
40.56666666666666,Looking Up
40.6,Looking Up
40.63333333333333,Looking Up
40.666666666666664,Looking Up
40.7,Looking Up
40.733333333333334,Looking Up
40.766666666666666,Looking Up
40.8,Looking Up
40.833333333333336,Looking Up
40.86666666666667,Looking Up
40.9,Looking Up
40.93333333333333,Looking Up
40.96666666666667,Looking Up
41.0,Looking Up
41.03333333333333,Looking Up
41.06666666666666,Looking Up
41.1,Looking Up
41.13333333333333,Looking Up
41.166666666666664,Looking Up
41.2,Looking Up
41.233333333333334,Looking Up
41.266666666666666,Looking Up
41.3,Looking Up
41.333333333333336,Looking Up
41.36666666666667,Looking Up
41.4,Looking Up
41.43333333333333,Looking Right
41.46666666666667,Looking Right
41.5,Looking Right
41.53333333333333,Looking Right
41.56666666666666,Looking Up
41.6,Looking Up
41.63333333333333,Looking Up
41.666666666666664,Looking Right
41.7,Looking Right
41.733333333333334,Looking Up
41.766666666666666,Looking Right
41.8,Looking Right
41.833333333333336,Looking Right
41.86666666666667,Looking Right
41.9,Looking Right
41.93333333333333,Looking Up
41.96666666666667,Looking Up
42.0,Looking Right
42.03333333333333,Looking Right
42.06666666666666,Looking Up
42.1,Looking Up
42.13333333333333,Looking Up
42.166666666666664,Looking Right
42.2,Looking Right
42.233333333333334,Looking Right
42.266666666666666,Looking Right
42.3,Looking Right
42.333333333333336,Looking Right
42.36666666666667,Looking Up
42.4,Looking Up
42.43333333333333,Looking Right
42.46666666666667,Looking Right
42.5,Looking Right
42.53333333333333,Looking Right
42.56666666666666,Looking Right
42.6,Looking Right
42.63333333333333,Looking Right
42.666666666666664,Looking Right
42.7,Looking Up
42.733333333333334,Looking Up
42.766666666666666,Looking Up
42.8,Looking Up
42.833333333333336,Looking Up
42.86666666666667,Looking Up
42.9,Forward
42.93333333333333,Looking Up
42.96666666666667,Looking Up
43.0,Looking Up
43.03333333333333,Looking Up
43.06666666666666,Looking Up
43.1,Looking Up
43.13333333333333,Looking Right
43.166666666666664,Looking Right
43.2,Looking Right
43.233333333333334,Looking Right
43.266666666666666,Looking Right
43.3,Looking Up
43.333333333333336,Looking Right
43.36666666666667,Looking Right
43.4,Looking Up
43.43333333333333,Looking Up
43.46666666666667,Looking Right
43.5,Looking Up
43.53333333333333,Looking Up
43.56666666666666,Looking Up
43.6,Looking Up
43.63333333333333,Looking Up
43.666666666666664,Looking Right
43.7,Looking Right
43.733333333333334,Looking Up
43.766666666666666,Looking Up
43.8,Looking Up
43.833333333333336,Looking Up
43.86666666666667,Looking Up
43.9,Looking Up
43.93333333333333,Looking Up
43.96666666666667,Looking Up
44.0,Looking Up
44.03333333333333,Looking Up
44.06666666666666,Looking Up
44.1,Looking Up
44.13333333333333,Looking Up
44.166666666666664,Looking Up
44.2,Looking Up
44.233333333333334,Looking Up
44.266666666666666,Looking Up
44.3,Looking Up
44.333333333333336,Looking Up
44.36666666666667,Looking Up
44.4,Looking Up
44.43333333333333,Looking Up
44.46666666666667,Looking Up
44.5,Looking Up
44.53333333333333,Looking Up
44.56666666666666,Looking Up
44.6,Looking Up
44.63333333333333,Looking Up
44.666666666666664,Looking Up
44.7,Looking Up
44.733333333333334,Looking Up
44.766666666666666,Forward
44.8,Forward
44.833333333333336,Looking Up
44.86666666666667,Looking Up
44.9,Looking Up
44.93333333333333,Looking Up
44.96666666666667,Looking Right
45.0,Looking Right
45.03333333333333,Looking Right
45.06666666666666,Looking Right
45.1,Looking Right
45.13333333333333,Looking Right
45.166666666666664,Looking Right
45.2,Looking Right
45.233333333333334,Looking Right
45.266666666666666,Looking Up
45.3,Looking Up
45.333333333333336,Looking Right
45.36666666666667,Looking Right
45.4,Looking Right
45.43333333333333,Looking Up
45.46666666666667,Looking Up
45.5,Looking Up
45.53333333333333,Looking Up
45.56666666666666,Looking Up
45.6,Looking Up
45.63333333333333,Looking Up
45.666666666666664,Looking Up
45.7,Looking Right
45.733333333333334,Looking Right
45.766666666666666,Looking Right
45.8,Looking Right
45.833333333333336,Looking Right
45.86666666666667,Looking Right
45.9,Looking Right
45.93333333333333,Looking Right
45.96666666666667,Looking Right
46.0,Looking Right
46.03333333333333,Looking Right
46.06666666666666,Looking Right
46.1,Looking Right
46.13333333333333,Looking Right
46.166666666666664,Looking Right
46.2,Looking Right
46.233333333333334,Looking Right
46.266666666666666,Looking Up
46.3,Looking Right
46.333333333333336,Looking Right
46.36666666666667,Looking Right
46.4,Looking Up
46.43333333333333,Looking Up
46.46666666666667,Looking Up
46.5,Looking Up
46.53333333333333,Looking Up
46.56666666666666,Looking Right
46.6,Looking Right
46.63333333333333,Looking Right
46.666666666666664,Looking Up
46.7,Looking Up
46.733333333333334,Looking Up
46.766666666666666,Looking Up
46.8,Looking Up
46.833333333333336,Looking Up
46.86666666666667,Looking Up
46.9,Looking Up
46.93333333333333,Looking Up
46.96666666666667,Looking Up
47.0,Looking Up
47.03333333333333,Looking Up
47.06666666666666,Looking Up
47.1,Looking Up
47.13333333333333,Looking Up
47.166666666666664,Looking Up
47.2,Looking Up
47.233333333333334,Looking Up
47.266666666666666,Looking Up
47.3,Looking Up
47.333333333333336,Looking Up
47.36666666666667,Looking Up
47.4,Looking Up
47.43333333333333,Looking Up
47.46666666666667,Looking Up
47.5,Looking Up
47.53333333333333,Looking Up
47.56666666666666,Looking Up
47.6,Looking Up
47.63333333333333,Looking Up
47.666666666666664,Looking Up
47.7,Looking Up
47.733333333333334,Looking Up
47.766666666666666,Looking Up
47.8,Looking Up
47.833333333333336,Looking Up
47.86666666666667,Looking Up
47.9,Looking Up
47.93333333333333,Looking Up
47.96666666666667,Looking Up
48.0,Looking Up
48.03333333333333,Looking Up
48.06666666666666,Looking Up
48.1,Looking Up
48.13333333333333,Looking Up
48.166666666666664,Looking Up
48.2,Looking Up
48.233333333333334,Looking Up
48.266666666666666,Looking Up
48.3,Looking Up
48.333333333333336,Looking Up
48.36666666666667,Looking Up
48.4,Looking Up
48.43333333333333,Looking Up
48.46666666666667,Looking Up
48.5,Looking Up
48.53333333333333,Looking Up
48.56666666666666,Looking Up
48.6,Looking Up
48.63333333333333,Looking Up
48.666666666666664,Looking Up
48.7,Looking Up
48.733333333333334,Looking Up
48.766666666666666,Looking Up
48.8,Looking Up
48.833333333333336,Looking Up
48.86666666666667,Looking Up
48.9,Looking Up
48.93333333333333,Looking Up
48.96666666666667,Looking Up
49.0,Looking Up
49.03333333333333,Looking Up
49.06666666666666,Looking Up
49.1,Looking Up
49.13333333333333,Looking Up
49.166666666666664,Looking Up
49.2,Looking Up
49.233333333333334,Looking Up
49.266666666666666,Looking Up
49.3,Looking Up
49.333333333333336,Looking Up
49.36666666666667,Looking Up
49.4,Looking Up
49.43333333333333,Looking Up
49.46666666666667,Looking Up
49.5,Looking Up
49.53333333333333,Looking Up
49.56666666666666,Looking Up
49.6,Looking Up
49.63333333333333,Looking Up
49.666666666666664,Looking Up
49.7,Looking Up
49.733333333333334,Looking Up
49.766666666666666,Looking Up
49.8,Looking Up
49.833333333333336,Looking Up
49.86666666666667,Looking Up
49.9,Looking Up
49.93333333333333,Looking Up
49.96666666666667,Looking Up
50.0,Looking Up
50.03333333333333,Looking Up
50.06666666666666,Looking Up
50.1,Looking Up
50.13333333333333,Looking Up
50.166666666666664,Looking Up
50.2,Looking Up
50.233333333333334,Looking Up
50.266666666666666,Looking Up
50.3,Looking Up
50.333333333333336,Looking Up
50.36666666666667,Looking Up
50.4,Looking Up
50.43333333333333,Looking Up
50.46666666666667,Looking Up
50.5,Looking Up
50.53333333333333,Looking Up
50.56666666666666,Looking Up
50.6,Looking Up
50.63333333333333,Looking Up
50.666666666666664,Looking Up
50.7,Looking Up
50.733333333333334,Looking Up
50.766666666666666,Looking Up
50.8,Looking Up
50.833333333333336,Looking Up
50.86666666666667,Looking Up
50.9,Looking Up
50.93333333333333,Looking Up
50.96666666666667,Looking Up
51.0,Looking Up
51.03333333333333,Looking Up
51.06666666666666,Looking Up
51.1,Looking Up
51.13333333333333,Looking Up
51.166666666666664,Looking Up
51.2,Looking Up
51.233333333333334,Looking Up
51.266666666666666,Looking Up
51.3,Looking Up
51.333333333333336,Looking Up
51.36666666666667,Looking Up
51.4,Looking Up
51.43333333333333,Looking Up
51.46666666666667,Looking Up
51.5,Looking Up
51.53333333333333,Looking Up
51.56666666666666,Looking Up
51.6,Looking Up
51.63333333333333,Looking Up
51.666666666666664,Looking Up
51.699999999999996,Looking Up
51.733333333333334,Looking Up
51.766666666666666,Looking Up
51.8,Looking Up
51.833333333333336,Looking Up
51.86666666666667,Looking Up
51.9,Looking Up
51.93333333333333,Looking Up
51.96666666666667,Looking Up
52.0,Looking Up
52.03333333333333,Looking Up
52.06666666666666,Looking Up
52.1,Looking Up
52.13333333333333,Looking Up
52.166666666666664,Looking Up
52.199999999999996,Looking Up
52.233333333333334,Looking Up
52.266666666666666,Looking Up
52.3,Looking Up
52.333333333333336,Looking Up
52.36666666666667,Looking Up
52.4,Looking Up
52.43333333333333,Looking Up
52.46666666666667,Looking Up
52.5,Looking Up
52.53333333333333,Looking Up
52.56666666666666,Looking Up
52.6,Looking Up
52.63333333333333,Looking Up
52.666666666666664,Looking Up
52.699999999999996,Looking Up
52.733333333333334,Looking Up
52.766666666666666,Looking Up
52.8,Looking Up
52.833333333333336,Looking Up
52.86666666666667,Looking Up
52.9,Looking Up
52.93333333333333,Looking Up
52.96666666666667,Looking Up
53.0,Looking Up
53.03333333333333,Looking Up
53.06666666666666,Looking Up
53.1,Looking Up
53.13333333333333,Looking Up
53.166666666666664,Looking Up
53.199999999999996,Looking Up
53.233333333333334,Looking Up
53.266666666666666,Looking Up
53.3,Looking Up
53.333333333333336,Looking Up
53.36666666666667,Looking Up
53.4,Looking Up
53.43333333333333,Looking Up
53.46666666666667,Looking Up
53.5,Looking Up
53.53333333333333,Looking Up
53.56666666666666,Looking Up
53.6,Looking Up
53.63333333333333,Looking Up
53.666666666666664,Looking Up
53.699999999999996,Looking Up
53.733333333333334,Looking Up
53.766666666666666,Looking Up
53.8,Looking Up
53.833333333333336,Looking Up
53.86666666666667,Looking Up
53.9,Looking Up
53.93333333333333,Looking Up
53.96666666666667,Looking Up
54.0,Looking Up
54.03333333333333,Looking Up
54.06666666666666,Looking Up
54.1,Looking Up
54.13333333333333,Looking Up
54.166666666666664,Looking Up
54.199999999999996,Looking Up
54.233333333333334,Looking Up
54.266666666666666,Looking Up
54.3,Looking Up
54.333333333333336,Looking Up
54.36666666666667,Looking Up
54.4,Looking Up
54.43333333333333,Looking Up
54.46666666666667,Looking Up
54.5,Looking Up
54.53333333333333,Looking Up
54.56666666666666,Looking Up
54.6,Looking Up
54.63333333333333,Looking Up
54.666666666666664,Looking Up
54.699999999999996,Looking Up
54.733333333333334,Looking Up
54.766666666666666,Looking Up
54.8,Looking Up
54.833333333333336,Looking Up
54.86666666666667,Looking Up
54.9,Looking Up
54.93333333333333,Looking Up
54.96666666666667,Looking Up
55.0,Looking Up
55.03333333333333,Looking Up
55.06666666666666,Looking Up
55.1,Looking Up
55.13333333333333,Looking Up
55.166666666666664,Looking Up
55.199999999999996,Looking Up
55.233333333333334,Looking Up
55.266666666666666,Looking Up
55.3,Looking Up
55.333333333333336,Looking Up
55.36666666666667,Looking Up
55.4,Looking Up
55.43333333333333,Looking Up
55.46666666666667,Looking Up
55.5,Looking Up
55.53333333333333,Looking Up
55.56666666666666,Looking Up
55.6,Looking Up
55.63333333333333,Looking Up
55.666666666666664,Looking Up
55.699999999999996,Looking Up
55.733333333333334,Looking Up
55.766666666666666,Looking Up
55.8,Looking Up
55.833333333333336,Looking Up
55.86666666666667,Looking Up
55.9,Looking Up
55.93333333333333,Looking Up
55.96666666666667,Looking Up
56.0,Looking Up
56.03333333333333,Looking Up
56.06666666666666,Looking Up
56.1,Looking Up
56.13333333333333,Looking Up
56.166666666666664,Looking Up
56.199999999999996,Looking Up
56.233333333333334,Looking Up
56.266666666666666,Looking Up
56.3,Looking Up
56.333333333333336,Looking Up
56.36666666666667,Looking Up
56.4,Looking Up
56.43333333333333,Looking Up
56.46666666666667,Looking Up
56.5,Looking Up
56.53333333333333,Looking Up
56.56666666666666,Looking Up
56.6,Looking Up
56.63333333333333,Looking Up
56.666666666666664,Looking Up
56.699999999999996,Looking Up
56.733333333333334,Looking Up
56.766666666666666,Looking Up
56.8,Looking Up
56.833333333333336,Looking Up
56.86666666666667,Looking Up
56.9,Looking Up
56.93333333333333,Looking Up
56.96666666666667,Looking Up
57.0,Looking Up
57.03333333333333,Looking Up
57.06666666666666,Looking Up
57.1,Looking Up
57.13333333333333,Looking Up
57.166666666666664,Looking Up
57.199999999999996,Looking Up
57.233333333333334,Looking Up
57.266666666666666,Looking Up
57.3,Looking Up
57.333333333333336,Looking Up
57.36666666666667,Looking Up
57.4,Looking Up
57.43333333333333,Looking Up
57.46666666666667,Looking Up
57.5,Looking Up
57.53333333333333,Looking Up
57.56666666666666,Looking Up
57.6,Looking Up
57.63333333333333,Looking Up
57.666666666666664,Looking Up
57.699999999999996,Looking Up
57.733333333333334,Looking Up
57.766666666666666,Looking Up
57.8,Looking Up
57.833333333333336,Looking Up
57.86666666666667,Looking Up
57.9,Looking Up
57.93333333333333,Looking Up
